{
  "project_info": {
    "project_number": "357004671079",
    "project_id": "apiconsigna",
    "storage_bucket": "apiconsigna.appspot.com"
  },
  "client": [
    {
      "client_info": {
        "mobilesdk_app_id": "1:357004671079:android:71d52851899c2a4b62bcc2",
        "android_client_info": {
          "package_name": "com.industriadechocolatesamor.consigna"
        }
      },
      "oauth_client": [
        {
          "client_id": "357004671079-8ni1euad3v5egdrk9gcf2jfofemo54ns.apps.googleusercontent.com",
          "client_type": 3
        }
      ],
      "api_key": [
        {
          "current_key": "AIzaSyD2jICpOAMvc-XjtQD_jpBc9BOV2ckmO_w"
        }
      ],
      "services": {
        "appinvite_service": {
          "other_platform_oauth_client": [
            {
              "client_id": "357004671079-8ni1euad3v5egdrk9gcf2jfofemo54ns.apps.googleusercontent.com",
              "client_type": 3
            }
          ]
        }
      }
    }
  ],
  "configuration_version": "1"
}